Jerry Carl,RepJerryCarl
Barry Moore,RepBarryMoore
Mike Rogers,RepMikeRogersAL
Robert Aderholt,Robert_Aderholt
Mo Brooks,RepMoBrooks
Gary Palmer,USRepGaryPalmer
Terri Sewell,RepTerriSewell
Don Young,repdonyoung
Aumua Amata Radewagen,RepAmata
Tom O'Halleran,RepOHalleran
Ann Kirkpatrick,RepKirkpatrick
Raul Grijalva,RepRaulGrijalva
Paul Gosar,RepGosar
Andy Biggs,RepAndyBiggsAZ
David Schweikert,RepDavid
Ruben Gallego,RepRubenGallego
Debbie Lesko,RepDLesko
Greg Stanton,RepGregStanton
Rick Crawford,RepRickCrawford
French Hill,RepFrenchHill
Steve Womack,rep_stevewomack
Bruce Westerman,RepWesterman
Doug LaMalfa,RepLaMalfa
Jared Huffman,RepHuffman
John Garamendi,RepGaramendi
Tom McClintock,RepMcClintock
Mike Thompson,RepThompson
Doris Matsui,DorisMatsui
Ami Bera,RepBera
Jay Obernolte,JayObernolte
Jerry McNerney,RepMcNerney
Josh Harder,JoshHarder
Mark DeSaulnier,RepDeSaulnier
Nancy Pelosi,SpeakerPelosi
Barbara Lee,RepBarbaraLee
Jackie Speier,RepSpeier
Eric Swalwell,RepSwalwell
Jim Costa,RepJimCosta
Ro Khanna,RepRoKhanna
Anna Eshoo,RepAnnaEshoo
Zoe Lofgren,RepZoeLofgren
Jimmy Panetta,RepJimmyPanetta
David G. Valadao,RepDavidValadao
Devin Nunes,RepDevinNunes
Kevin McCarthy,GOPLeader
Salud Carbajal,RepCarbajal
Mike Garcia,RepMikeGarcia
Julia Brownley,RepBrownley
Judy Chu,RepJudyChu
Adam Schiff,RepAdamSchiff
Tony Cárdenas,RepCardenas
Brad Sherman,BradSherman
Pete Aguilar,RepPeteAguilar
Grace Napolitano,gracenapolitano
Ted Lieu,RepTedLieu
Jimmy Gomez,RepJimmyGomez
Norma Torres,NormaJTorres
Raul Ruiz,RepRaulRuizMD
Karen Bass,RepKarenBass
Linda Sánchez,RepLindaSanchez
Young Kim,RepYoungKim
Lucille Roybal-Allard,RepRoybalAllard
Mark Takano,RepMarkTakano
Ken Calvert,KenCalvert
Maxine Waters,RepMaxineWaters
Nanette Barragán,RepBarragan
Katie Porter,RepKatiePorter
Lou Correa,RepLouCorrea
Alan Lowenthal,RepLowenthal
Michelle Steel,RepSteel
Mike Levin,RepMikeLevin
Darrell Issa,DarrellIssa
Juan Vargas,RepJuanVargas
Scott Peters,RepScottPeters
Sara Jacobs,RepSaraJacobs
Diana DeGette,RepDianaDeGette
Joe Neguse,RepJoeNeguse
Lauren Boebert,RepBoebert
Ken Buck,RepKenBuck
Doug Lamborn,RepDLamborn
Jason Crow,RepJasonCrow
Ed Perlmutter,RepPerlmutter
John Larson,RepJohnLarson
Joe Courtney,RepJoeCourtney
Rosa L. DeLauro,rosadelauro
Jim Himes,jahimes
Jahana Hayes,RepJahanaHayes
Lisa Blunt Rochester,RepLBR
Matt Gaetz,RepMattGaetz
Neal Dunn,DrNealDunnFL2
Kat Cammack,RepKatCammack
John Rutherford,RepRutherfordFL
Alfred Lawson,RepAlLawsonJr
Michael Waltz,michaelgwaltz
Stephanie Murphy,RepStephMurphy
Bill Posey,congbillposey
Darren Soto,RepDarrenSoto
Val Demings,RepValDemings
Daniel Webster,RepWebster
Gus M. Bilirakis,RepGusBilirakis
Charlie Crist,RepCharlieCrist
Kathy Castor,USRepKCastor
Scott Franklin,RepFranklin
Vern Buchanan,VernBuchanan
Greg Steube,RepGregSteube
Brian Mast,RepBrianMast
Byron Donalds,RepDonaldsPress
Lois Frankel,RepLoisFrankel
Theodore E. Deutch,RepTedDeutch
Debbie Wasserman Schultz,RepDWStweets
Frederica S. Wilson,RepWilson
Mario Diaz-Balart,MarioDB
Carlos Gimenez,RepCarlos
Maria Elvira Salazar,MaElviraSalazar
Earl Carter,RepBuddyCarter
Sanford Bishop Jr.,SanfordBishop
Drew Ferguson,RepDrewFerguson
Hank Johnson,RepHankJohnson
Nikema Williams,RepNikema
Lucy McBath,RepLucyMcBath
Carolyn Bourdeaux,RepBourdeaux
Austin Scott,AustinScottGA08
Andrew Clyde,Rep_Clyde
Jody Hice,CongressmanHice
Barry Loudermilk,RepLoudermilk
Rick Allen,RepRickAllen
David Scott,repdavidscott
Marjorie Taylor Greene,RepMTG
Michael F.Q. San Nicolas,GuamCongressman
Ed Case,RepEdCase
Kaiali'i Kahele,kaikahele
Russ Fulcher,RepRussFulcher
Michael K. Simpson,
Bobby Rush,RepBobbyRush
Robin Kelly,RepRobinKelly
Marie Newman,RepMarieNewman
Jesus Garcia,ChuyForCongress
Mike Quigley,RepMikeQuigley
Sean Casten,RepCasten
Danny K. Davis,RepDannyDavis
Raja Krishnamoorthi,CongressmanRaja
Jan Schakowsky,janschakowsky
Brad Schneider,RepSchneider
Bill Foster,RepBillFoster
Mike Bost,RepBost
Rodney Davis,RodneyDavis
Lauren Underwood,RepUnderwood
Mary Miller,RepMaryMiller
Adam Kinzinger,RepKinzinger
Cheri Bustos,RepCheri
Darin LaHood,RepLaHood
Frank Mrvan,RepMrvan
Jackie Walorski,RepWalorski
Jim Banks,RepJimBanks
Jim Baird,RepJimBaird
Victoria Spartz,RepSpartz
Greg Pence,RepGregPence
André Carson,RepAndreCarson
Larry Bucshon,RepLarryBucshon
Trey Hollingsworth,RepTrey
Ashley Hinson,RepAshleyHinson
Mariannette Miller-Meeks,RepMMM
Cindy Axne,RepCindyAxne
Randy Feenstra,RepFeenstra
Tracey Mann,RepMann
Jacob LaTurner,JakeLaTurner
Sharice Davids,RepDavids
Ron Estes,RepRonEstes
James Comer Jr.,
Brett Guthrie,RepGuthrie
John A. Yarmuth,RepJohnYarmuth
Thomas Massie,RepThomasMassie
Hal Rogers,RepHalRogers
Andy Barr,RepAndyBarr
Steve Scalise,SteveScalise
Troy Carter,RepTroyCarter
Clay Higgins,RepClayHiggins
Mike Johnson,RepMikeJohnson
Julia Letlow,RepJuliaLetlow
Garret Graves,RepGarretGraves
Chellie Pingree,chelliepingree
Jared Golden,RepGolden
Andrew Harris,RepAndyHarrisMD
Dutch Ruppersberger,Call_Me_Dutch
John Sarbanes,RepSarbanes
Anthony G. Brown,RepAnthonyBrown
Steny Hoyer,StenyHoyer
David Trone,RepDavidTrone
Kweisi Mfume,RepKweisiMfume
Jamie Raskin,RepRaskin
Richard Neal,RepRichardNeal
Jim McGovern,RepMcGovern
Lori Trahan,RepLoriTrahan
Jake Auchincloss,RepAuchincloss
Katherine Clark,RepKClark
Seth Moulton,RepMoulton
Ayanna Pressley,RepPressley
Stephen Lynch,RepStephenLynch
Bill Keating,USRepKeating
Jack Bergman,RepJackBergman
Bill Huizenga,RepHuizenga
Peter Meijer,RepMeijer
John Moolenaar,RepMoolenaar
Dan Kildee,RepDanKildee
Fred Upton,RepFredUpton
Tim Walberg,RepWalberg
Elissa Slotkin,RepSlotkin
Andy Levin,RepAndyLevin
Lisa McClain,RepLisaMcClain
Haley Stevens,RepHaleyStevens
Debbie Dingell,RepDebDingell
Rashida Tlaib,RepRashida
Brenda Lawrence,RepLawrence
Jim Hagedorn,RepHagedorn
Angie Craig,RepAngieCraig
Dean Phillips,RepDeanPhillips
Betty McCollum,BettyMcCollum04
Ilhan Omar,Ilhan
Tom Emmer,RepTomEmmer
Michelle Fischbach,RepFischbach
Pete Stauber,RepPeteStauber
Trent Kelly,RepTrentKelly
Bennie Thompson,BennieGThompson
Michael Guest,RepMichaelGuest
Steven Palazzo,CongPalazzo
Cori Bush,RepCori
Ann Wagner,RepAnnWagner
Blaine Luetkemeyer,RepBlaine
Vicky Hartzler,RepHartzler
Emanuel Cleaver,repcleaver
Sam Graves,RepSamGraves
Billy Long,USRepLong
Jason Smith,RepJasonSmith
Matt Rosendale,RepRosendale
Jeffrey Fortenberry,JeffFortenberry
Don Bacon,RepDonBacon
Adrian Smith,RepAdrianSmith
Dina Titus,repdinatitus
Mark Amodei,MarkAmodeiNV2
Susie Lee,RepSusieLee
Steven Horsford,RepHorsford
Chris Pappas,RepChrisPappas
Annie Kuster,RepAnnieKuster
Donald Norcross,DonaldNorcross
Jeff Van Drew,
Andrew Kim,RepAndyKimNJ
Chris Smith,
Josh Gottheimer,RepJoshG
Frank Pallone,FrankPallone
Tom Malinowski,RepMalinowski
Albio Sires,RepSires
Bill Pascrell,BillPascrell
Donald Payne Jr.,RepDonaldPayne
Mikie Sherrill,RepSherrill
Bonnie Watson Coleman,RepBonnie
Melanie Ann Stansbury,Rep_Stansbury
Yvette Herrell,RepHerrell
Teresa Leger Fernandez,RepTeresaLF
Lee Zeldin,RepLeeZeldin
Andrew Garbarino,RepGarbarino
Tom Suozzi,RepTomSuozzi
Kathleen Rice,RepKathleenRice
Gregory W. Meeks,RepGregoryMeeks
Grace Meng,RepGraceMeng
Nydia Velazquez,NydiaVelazquez
Hakeem Jeffries,RepJeffries
Yvette D. Clarke,RepGraceMeng
Jerrold Nadler,RepJerryNadler
Nicole Malliotakis,RepMalliotakis
Carolyn B. Maloney,RepMaloney
Adriano Espaillat,RepEspaillat
Alexandria Ocasio-Cortez,RepAOC
Ritchie Torres,RepRitchie
Jamaal Bowman,RepBowman
Mondaire Jones,RepMondaire
Sean Maloney,RepSeanMaloney
Antonio Delgado,repdelgado
Paul Tonko,RepPaulTonko
Elise Stefanik,RepStefanik
Claudia Tenney,claudiatenney
Tom Reed,TomReedCongress
John Katko,RepJohnKatko
Joseph Morelle,RepJoeMorelle
Brian Higgins,RepBrianHiggins
Christopher Jacobs,RepJacobs
Eleanor Holmes Norton,EleanorNorton
G.K. Butterfield,GKButterfield
Deborah Ross,RepDeborahRoss
Gregory Murphy,RepGregMurphy
David Price,RepDavidEPrice
Virginia Foxx,virginiafoxx
Kathy Manning,RepKManning
David Rouzer,RepDavidRouzer
Richard Hudson,RepRichHudson
Dan Bishop,RepDanBishop
Patrick T. McHenry,PatrickMcHenry
Madison Cawthorn,RepCawthorn
Alma Adams,RepAdams
Ted Budd,RepTedBudd
Kelly Armstrong,RepArmstrongND
Gregorio Kilili Camacho Sablan,Kilili_Sablan
Steve Chabot,RepSteveChabot
Brad Wenstrup,RepBradWenstrup
Joyce Beatty,RepBeatty
Jim Jordan,Jim_Jordan
Bob Latta,boblatta
Bill Johnson,RepBillJohnson
Bob Gibbs,RepBobGibbs
Warren Davidson,WarrenDavidson
Marcy Kaptur,RepMarcyKaptur
Michael Turner,RepMikeTurner
Shontel Brown,RepShontelBrown
Troy Balderson,RepBalderson
Tim Ryan,RepTimRyan
David Joyce,RepDaveJoyce
Mike Carey,RepMikeCarey
Anthony Gonzalez,RepAGonzalez
Kevin Hern,repkevinhern
Markwayne Mullin,RepMullin
Frank Lucas,RepFrankLucas
Tom Cole,TomColeOK04
Stephanie Bice,RepBice
Suzanne Bonamici,RepBonamici
Cliff Bentz,RepBentz
Earl Blumenauer,BlumenauerMedia
Peter DeFazio,RepPeterDeFazio
Kurt Schrader,RepSchrader
Brian Fitzpatrick,RepBrianFitz
Brendan Boyle,CongBoyle
Dwight Evans,RepDwightEvans
Madeleine Dean,RepDean
Mary Gay Scanlon,RepMGS
Chrissy Houlahan,RepHoulahan
Susan Wild,RepSusanWild
Matt Cartwright,RepCartwright
Dan Meuser,RepMeuser
Scott Perry,RepScottPerry
Lloyd Smucker,RepSmucker
Fred Keller,RepFredKeller
John Joyce,RepJohnJoyce
Guy Reschenthaler,GReschenthaler
Glenn Thompson,GT_TeamGT
Mike Kelly,MikeKellyPA
Conor Lamb,RepConorLamb
Michael Doyle,USRepMikeDoyle
Jenniffer González-Colón,RepJenniffer
David N. Cicilline,RepCicilline
Jim Langevin,JimLangevin
Nancy Mace,RepNancyMace
Joe Wilson,RepJoeWilson
Jeff Duncan,RepJeffDuncan
William Timmons,RepTimmons
Ralph Norman,RepRalphNorman
James Clyburn,WhipClyburn
Tom Rice,RepTomRice
Dusty Johnson,RepDustyJohnson
Diana Harshbarger,RepHarshbarger
Tim Burchett,RepTimBurchett
Charles J. Fleischmann,RepChuck
Scott DesJarlais,DesJarlaisTN04
Jim Cooper,repjimcooper
John Rose,RepJohnRose
Mark Green,RepMarkGreen
David Kustoff,RepDavidKustoff
Steve Cohen,RepCohen
Louis B. Gohmert Jr.,replouiegohmert
Daniel Crenshaw,RepDanCrenshaw
Van Taylor,RepVanTaylor
Pat Fallon,RepPatFallon
Lance Gooden,Lancegooden
Jake Ellzey,RepEllzey
Lizzie Pannill Fletcher,RepFletcher
Kevin Brady,RepKevinBrady
Al Green,RepAlGreen
Michael McCaul,RepMcCaul
August Pfluger,RepPfluger
Kay Granger,RepKayGranger
Ronny L. Jackson,RepRonnyJackson
Randy Weber,TXRandy14
Vicente Gonzalez Jr.,RepGonzalez
Veronica Escobar,RepEscobar
Pete Sessions,PeteSessions
Sheila Jackson Lee,JacksonLeeTX18
Jodey Arrington,RepArrington
Joaquin Castro,JoaquinCastrotx
Chip Roy,RepChipRoy
Troy Nehls,RepTroyNehls
Tony Gonzales,RepTonyGonzales
Beth Van Duyne,RepBethVanDuyne
Roger Williams,RepRWilliams
Michael C. Burgess,michaelcburgess
Michael Cloud,RepCloudTX
Henry Cuellar,RepCuellar
Sylvia Garcia,RepSylviaGarcia
Eddie Bernice Johnson,RepEBJ
John Carter,JudgeCarter
Colin Allred,RepColinAllred
Marc Veasey,RepVeasey
Filemon Vela,RepFilemonVela
Lloyd Doggett,RepLloydDoggett
Brian Babin,RepBrianBabin
Blake Moore,RepBlakeMoore
Chris Stewart,RepChrisStewart
John Curtis,RepJohnCurtis
Burgess Owens,RepBurgessOwens
Peter Welch,PeterWelch
Stacey Plaskett,StaceyPlaskett
Robert J. Wittman,RobWittman
Elaine Luria,RepElaineLuria
Robert C. Scott,BobbyScott
Aston Donald McEachin,RepMcEachin
Bob Good,RepBobGood
Benjamin Lee Cline,RepBenCline
Abigail Spanberger,RepSpanberger
Donald Sternoff Beyer Jr.,RepDonBeyer
H. Morgan Griffith,RepMGriffith
Jennifer Wexton,RepWexton
Gerald Edward Connolly,GerryConnolly
Suzan DelBene,RepDelBene
Rick Larsen,RepRickLarsen
Jaime Herrera Beutler,HerreraBeutler
Dan Newhouse,RepNewhouse
Cathy McMorris Rodgers,cathymcmorris
Derek Kilmer,RepDerekKilmer
Pramila Jayapal,RepJayapal
Kim Schrier,RepKimSchrier
D. Adam Smith,RepAdamSmith
Marilyn Strickland,RepStricklandWA
David McKinley,RepMcKinley
Alexander Mooney,RepAlexMooney
Carol Miller,RepCarolMiller
Bryan Steil,RepBryanSteil
Mark Pocan,repmarkpocan
Ronald James Kind,RepRonKind
Gwen Moore,RepGwenMoore
Scott Fitzgerald,RepFitzgerald
Glenn Grothman,RepGrothman
Tom Tiffany,RepTiffany
Mike Gallagher,RepGallagher
Liz Cheney,RepLizCheney
Roberto Lefranc Fortuño,LefrancFortuno
María Meléndez Altieri,mayita_melendez
Ricardo Rosselló,ricardorossello
Elizabeth Torres Rodriguez,LaPremisaEli
